{
  "ps": {
    "const": -2.0923891480704793e-07,
    "coef": 0.22685599043652244
  },
  "nps": {
    "const": -5.69214527738499e-06,
    "coef": 0.1925942761641124
  },
  "pb": {
    "const": 7.259538516375686e-06,
    "coef": 0.19867200537793261
  },
  "8020": {
    "const": 6.950613418033443e-06,
    "coef": 0.19304806361164217
  },
  "8515": {
    "const": 5.850459497133295e-06,
    "coef": 0.1984874246151982
  },
  "ss": {
    "const": 1.3883097613932307e-05,
    "coef": 0.1875792843705521
  },
  "pn": {
    "const": -3.250274788086082e-06,
    "coef": 0.215478290381824
  },
  "fw": {
    "const": 1.3701894702094102e-05,
    "coef": 0.18310072841914155
  },
  "bnps": {
    "const": 2.7328578976183447e-05,
    "coef": 0.18046140110019324
  },
  "bss": {
    "const": 5.91705459336088e-05,
    "coef": 0.16909838071909405
  },
  "bfw": {
    "const": 3.2527737202101246e-05,
    "coef": 0.18450510203394488
  }
}