solarbox,recorder
0,-8.4833230555061e-08
10,0.00768804210057344
20,0.015250790089624976
30,0.022412615156234474
40,0.029180363344797327
